First name,Surname,Company,Company account,Postcode,Pet names
Chastity,Hayes,Auctor Non Feugiat Corporation,NL83ZWAJ4204089617,A5T 3G1,"Paula, Imelda, Rooney, Bruno"
Lois,Ayers,Sit Industries,BE14688500072856,W8F 0J1,"Joseph, Irma, Ursula, Jordan"
Acton,Campbell,Rutrum Non PC,AL47992650115975242309412187,U0G 0H2,"Tatyana, Linda, Leo, Cole"
Emma,Hogan,Nunc Sit Amet Foundation,NO6641790931190,U8E 4I3,"Moses, Wanda, Naomi, Jamalia"
Denton,Klein,Ante Ltd,GB77DWXH12303574957231,D4N 2K1,"Holly, Carissa, Sheila, Sylvia"
Zelda,Bridges,A Associates,MU3078320533470958646630771434,W2B 7V3,"Blair, Justina, Blossom, Astra"
Wanda,Brooks,Sem Semper Corporation,SE7039263641777885831168,U1E 9B9,"Louis, Talon, Dai, Silas"
Kelly,Horton,Consectetuer Euismod LLC,IT489MHKTI58380002101804435,I2Y 9O7,"Dara, Edan, Xaviera, Leilani"
Felicia,Farley,Feugiat Placerat Limited,HU38779039511591982821505394,K8N 7I5,"Uta, Darryl, Camden, Ursa"
Charity,Schmidt,Non Limited,RS58028660720825566047,U8K 0P4,"Henry, Nina, Rhonda, Jorden"
Owen,Reyes,In Corp.,MK22993598576417918,N2Y 2D5,"Madaline, Cara, Tyrone, Dillon"
Orson,Holman,Ut Nulla LLC,FO1720974158703340,A1H 9A4,"Jacob, Imani, Cyrus, Bert"
Moses,Mckee,Sed Foundation,CZ3636941995979991799427,H5S 0N6,"Zachary, Darius, Winter, Aphrodite"
Jaden,Collins,Vel Arcu Foundation,FO7444787528436843,J2C 9P2,"Carlos, Kiayada, Sawyer, Sebastian"
Keegan,Wells,Nam Consequat Dolor Industries,IS204306763159575437460347,M3N 3B2,"Jerry, Scarlett, Rana, Olga"
Jennifer,Lang,Elementum Dui Consulting,MT94XCPA04987678255404608006355,U9U 8J3,"Callum, Regina, Yuri, Kareem"
Tyrone,Gamble,Mauris Limited,PL69814558518314437789009120,Q9J 0S3,"Cullen, Karen, Gavin, Samuel"
Alan,Brooks,Vel Arcu Curabitur Foundation,NL07SYRO6758004964,S7X 0Z7,"Ainsley, Orli, Dustin, Amity"
Linus,Cleveland,Mi Corp.,DE43235735546270617917,Y4K 9Z8,"Gillian, Wesley, Tad, Charity"
Magee,Phelps,Proin Velit Sed Industries,SE6758407744272853420484,J2O 6S9,"Kaye, Mona, Oleg, Roary"
Rhona,Webb,Aenean Eget Metus PC,SK9731581373208117260500,I6Y 2N0,"Zahir, Juliet, Rashad, Katelyn"
Odette,Moss,Luctus Ut Pellentesque Industries,AT394768369524819764,A6S 7T9,"Nelle, Boris, Alyssa, Macaulay"
Quincy,Wiley,Diam At Consulting,SK8301832755700851961326,Q4Z 7Q8,"Nelle, Jin, Rhoda, Bo"
Maryam,Dalton,Fringilla Limited,FI6556091853471115,X7I 6H1,"Grant, Linus, Blaine, Jordan"
Gisela,Reynolds,Nunc Company,RS72494425641402952862,W7U 4I6,"Hannah, Callum, Neville, Kylan"
Bianca,Christensen,Ac Inc.,RO46YBKD4600613645353561,J9Y 5C1,"Price, Adrienne, Boris, Noah"
Celeste,Quinn,Montes LLP,SK5133351184615017596314,A9P 9B0,"Porter, Amaya, Neil, Grace"
Yvonne,Holcomb,Sed Orci Company,FR3028230674389856021986655,E7R 6K8,"Magee, Jada, Daniel, Abraham"
Ima,Whitaker,Eget Laoreet Consulting,FI2581844505152321,S3F 4Q3,"Reagan, Dexter, Brady, Iliana"
Fay,Calhoun,Nisi Cum Sociis Corporation,TR671791841823484734159435,Y9P 4B3,"Colt, Stewart, Oprah, Neve"
Chaim,Merritt,Ipsum Corp.,FI5943407149598671,C4F 2Z8,"Leigh, Ira, Gil, Calvin"
Stuart,Soto,Praesent LLC,GT69271084408110986663802755,J2G 6G2,"Zelda, Hannah, Cole, Tamekah"
Nash,Marquez,In Associates,ME74968791648600173433,R0Z 7I6,"Kimberly, Martina, Eugenia, Burke"
Jemima,Johns,Elementum Purus Accumsan Industries,IS375460395784543834701226,R6V 6V3,"Keane, Echo, Ruby, Gage"
Myles,Aguirre,Risus Inc.,SE8197766378759976233157,T6B 7O8,"Joelle, Marshall, Fitzgerald, Odette"
Sylvia,Neal,Integer Ltd,LT255262012576413940,X2M 1H7,"Stella, Tyler, Rebekah, Audrey"
Mechelle,Rush,Vulputate Posuere Vulputate Foundation,BE04833865689818,O4I 6O6,"Xander, Florence, Chantale, Alexa"
Doris,Maddox,Id Ltd,MT42ABRW32317480405070233224334,B3V 5L4,"Hyacinth, Sebastian, Imogene, Erica"
Ishmael,Neal,Ultrices Vivamus Rhoncus Consulting,CH9603542831698563912,P5F 5K4,"Abel, Kieran, Joy, Clio"
Macey,Morris,Accumsan Industries,SE9653082341136534033277,U0I 6M4,"Harper, Keegan, Walter, Bruno"
Adam,Saunders,Tincidunt Tempus Industries,ES5840630376008990715792,M3Q 0W0,"Boris, Shad, Gavin, Yvette"
Rebecca,Bond,Dictum LLP,EE555374570771833065,I9A 2G0,"Jacqueline, Alvin, Clementine, Stewart"
Kaseem,Rice,Dictum Eleifend Nunc Incorporated,GL8371042643669307,R9Y 8I1,"Connor, Sarah, Jemima, Jonas"
Portia,Klein,Sem Vitae Incorporated,CZ9029123669971429850950,A6L 0Q0,"Ava, Chloe, Marny, Scarlet"
Zelenia,Brennan,Gravida Foundation,TR729188509373842450961594,H1E 8O0,"Kibo, Quon, Aline, Hunter"
Gabriel,Coffey,Dolor Fusce Mi LLP,NO7540183993914,A8L 1X2,"Stacey, Eliana, Jakeem, Dolan"
Karyn,Peters,Auctor Company,IL122162251881363481798,Y1I 5Z3,"Minerva, Dacey, Celeste, Troy"
Echo,Sanders,Nec Quam Incorporated,TR412524837787332605523755,B6E 2K1,"Claudia, Ava, Ivana, Lareina"
Ann,Flores,Tempor Arcu Vestibulum Corporation,SI81263220506240060,K6X 9M8,"Aretha, Lucian, Todd, Ayanna"
Zelda,Ryan,Congue Corp.,GT56094549658773256340692648,D4B 8F5,"Rafael, Bryar, Brian, Charissa"