First name,Surname,Company,Company account,Postcode,Pet names
Kelly,Simmons,Risus Nunc PC,AD0833595383388242651032,S9M 1U6,"Caesar, Eliana, Evelyn, Alexis"
Illana,Tyler,Libero Donec Consectetuer LLP,AD5849436798276194951296,V4L 0M5,"Anastasia, Beatrice, Melanie, Rhiannon"
Acton,Campbell,Rutrum Non PC,AL47992650115975242309412187,U0G 0H2,"Tatyana, Linda, Leo, Cole"
Colton,Sanders,Id Blandit Incorporated,AT112986443220492722,M6H 7R8,"Amity, Hyatt, Sylvester, Jada"
Odette,Moss,Luctus Ut Pellentesque Industries,AT394768369524819764,A6S 7T9,"Nelle, Boris, Alyssa, Macaulay"
Carter,Carter,Dolor Foundation,AT706621819419409026,N6Z 2N2,"Martina, Raphael, Ava, Ray"
Elaine,Espinoza,Accumsan Limited,AZ15937757866029991593592561,P3C 0N9,"Brady, Shea, Raya, Cecilia"
Orson,Key,Malesuada Integer Id Institute,AZ37539185587325180350068253,M1H 4S1,"Tanner, Donna, Tyrone, Althea"
Marah,Mcclain,Elementum At Ltd,BA238833964163039539,N4I 5X2,"Reece, Stone, Lunea, Simon"
Kameko,Todd,A Company,BA456552538671750511,O6W 8A5,"Lester, Clarke, Hiram, Carl"
Mechelle,Rush,Vulputate Posuere Vulputate Foundation,BE04833865689818,O4I 6O6,"Xander, Florence, Chantale, Alexa"
Hamilton,Luna,Felis Company,BE07230956933334,N9S 4N9,"Grant, Boris, Naomi, Samson"
Lois,Ayers,Sit Industries,BE14688500072856,W8F 0J1,"Joseph, Irma, Ursula, Jordan"
Joel,Donaldson,Lobortis Nisi PC,BH25968625900294601029,L2C 5L3,"Akeem, Aileen, Cullen, Deborah"
Ishmael,Neal,Ultrices Vivamus Rhoncus Consulting,CH9603542831698563912,P5F 5K4,"Abel, Kieran, Joy, Clio"
Moses,Mckee,Sed Foundation,CZ3636941995979991799427,H5S 0N6,"Zachary, Darius, Winter, Aphrodite"
Jaime,Waters,Vitae PC,CZ4128521877605763532448,D5O 6V1,"Katelyn, Brady, Christine, Kamal"
Alexander,Frank,Nibh Aliquam Corp.,CZ4451787176780742708870,L5B 6F5,"MacKenzie, Dara, Ishmael, Joel"
Joshua,Pope,Nullam Industries,CZ7492457474890802764746,T3Q 5Y1,"Iola, Rama, Adria, Coby"
Portia,Klein,Sem Vitae Incorporated,CZ9029123669971429850950,A6L 0Q0,"Ava, Chloe, Marny, Scarlet"
Linus,Cleveland,Mi Corp.,DE43235735546270617917,Y4K 9Z8,"Gillian, Wesley, Tad, Charity"
Ryder,Knapp,Egestas Industries,EE084570723927057560,B3E 5N0,"Vera, Casey, Cameron, Tiger"
Pearl,Williams,Nulla In Tincidunt Associates,EE549067266725648080,I3Q 1M0,"Dexter, Desirae, Cecilia, Keane"
Rebecca,Bond,Dictum LLP,EE555374570771833065,I9A 2G0,"Jacqueline, Alvin, Clementine, Stewart"
Gregory,Baird,Pellentesque Ut Foundation,ES1884087195838733766704,P9E 9N2,"Sara, Gabriel, Nicholas, Derek"
Alden,Bush,Nec Malesuada Ut Institute,ES3619333624584565411377,H1K 4M7,"Leilani, Yoko, Abdul, Myles"
Adam,Saunders,Tincidunt Tempus Industries,ES5840630376008990715792,M3Q 0W0,"Boris, Shad, Gavin, Yvette"
Ima,Whitaker,Eget Laoreet Consulting,FI2581844505152321,S3F 4Q3,"Reagan, Dexter, Brady, Iliana"
Chaim,Merritt,Ipsum Corp.,FI5943407149598671,C4F 2Z8,"Leigh, Ira, Gil, Calvin"
Maryam,Dalton,Fringilla Limited,FI6556091853471115,X7I 6H1,"Grant, Linus, Blaine, Jordan"
Orson,Holman,Ut Nulla LLC,FO1720974158703340,A1H 9A4,"Jacob, Imani, Cyrus, Bert"
Jaden,Collins,Vel Arcu Foundation,FO7444787528436843,J2C 9P2,"Carlos, Kiayada, Sawyer, Sebastian"
Yvonne,Holcomb,Sed Orci Company,FR3028230674389856021986655,E7R 6K8,"Magee, Jada, Daniel, Abraham"
Roth,Sharpe,Consectetuer Cursus LLC,GB07IKUM57235442728680,T8N 4A3,"Mariko, Jermaine, Samson, Jael"
Timon,Roberson,Imperdiet Ornare Associates,GB46OXEF88480659916871,L9C 4J4,"Quemby, Cleo, Lucas, Lee"
Denton,Klein,Ante Ltd,GB77DWXH12303574957231,D4N 2K1,"Holly, Carissa, Sheila, Sylvia"
Kaseem,Rice,Dictum Eleifend Nunc Incorporated,GL8371042643669307,R9Y 8I1,"Connor, Sarah, Jemima, Jonas"
Uriah,Travis,Nullam Lobortis Inc.,GT09468277033550512796439370,L5B 4K6,"Hayes, Elizabeth, Stacey, Coby"
Zelda,Ryan,Congue Corp.,GT56094549658773256340692648,D4B 8F5,"Rafael, Bryar, Brian, Charissa"
Stuart,Soto,Praesent LLC,GT69271084408110986663802755,J2G 6G2,"Zelda, Hannah, Cole, Tamekah"
Miranda,Delaney,Feugiat Company,HR3983231480659742755,G1J 1V7,"Charlotte, Luke, Leila, Harrison"
Felicia,Farley,Feugiat Placerat Limited,HU38779039511591982821505394,K8N 7I5,"Uta, Darryl, Camden, Ursa"
Timothy,Pope,In Cursus Et PC,HU84140235137092492019448485,S4Q 2Z2,"Ifeoma, Lee, Rachel, Yael"
Jeremy,Brooks,Sapien Molestie Limited,IE68NBIA26439385197482,K9X 3U8,"Kermit, Cora, Joshua, Aaron"
Karyn,Peters,Auctor Company,IL122162251881363481798,Y1I 5Z3,"Minerva, Dacey, Celeste, Troy"
Amal,Quinn,Ipsum PC,IL438893435096255777259,S7X 9T5,"Juliet, Gray, Steel, Levi"
Rashad,Murray,Mauris Ut Consulting,IL544925348007528728549,W5E 3U2,"Merritt, Colleen, Alice, Denise"
Keegan,Wells,Nam Consequat Dolor Industries,IS204306763159575437460347,M3N 3B2,"Jerry, Scarlett, Rana, Olga"
Patricia,Madden,Lorem Ipsum Industries,IS249486480298888207348838,O9V 8N7,"Yvonne, Xavier, Kylie, Haley"
Jemima,Johns,Elementum Purus Accumsan Industries,IS375460395784543834701226,R6V 6V3,"Keane, Echo, Ruby, Gage"
Kelly,Horton,Consectetuer Euismod LLC,IT489MHKTI58380002101804435,I2Y 9O7,"Dara, Edan, Xaviera, Leilani"
Keegan,Larsen,Vehicula PC,IT617FKFKI68991671283461524,I0J 8V1,"Madeson, Raya, Graham, Sloane"
Sylvia,Neal,Integer Ltd,LT255262012576413940,X2M 1H7,"Stella, Tyler, Rebekah, Audrey"
Lydia,Warren,Lacinia Orci Consectetuer PC,LT437775259523852135,N3U 6C1,"Sloane, Audrey, Edan, August"
Stella,Barnes,Magna Foundation,LU789280349703789815,H7Y 0K6,"Gwendolyn, Molly, Hashim, Miranda"
Ciara,Bowers,Dolor Quisque PC,LV05JYUC0130171065508,J4C 5P2,"Hamish, Alea, Yen, Minerva"
Linus,Hunter,Nunc Id Enim Limited,LV18PDVS8746482624928,K5A 9R8,"Harlan, Ashely, May, Madonna"
Sigourney,Barrera,Orci Incorporated,MC6325406374029056371905016,V2Q 8Q7,"Maryam, Justina, Indigo, Cheryl"
Abigail,Ewing,Nulla Semper PC,MD0298798717256491134997,X3C 7M0,"Tucker, Amber, Remedios, Ima"
Thor,Richardson,Nisl Elementum Foundation,MD2418606048779067223843,L3Y 2W8,"Luke, Slade, Kendall, Kyra"
Ivory,Richard,Odio Institute,ME30982913639560134640,B0I 9L1,"Ingrid, Hedda, Nora, Judah"
Nash,Marquez,In Associates,ME74968791648600173433,R0Z 7I6,"Kimberly, Martina, Eugenia, Burke"
Owen,Reyes,In Corp.,MK22993598576417918,N2Y 2D5,"Madaline, Cara, Tyrone, Dillon"
Connor,Combs,Ridiculus Institute,MK89401142202039876,N5G 9G0,"Joy, Kareem, Joseph, Kylan"
Doris,Maddox,Id Ltd,MT42ABRW32317480405070233224334,B3V 5L4,"Hyacinth, Sebastian, Imogene, Erica"
Denise,Forbes,Eget Varius Ultrices Industries,MT87ZCQZ45049353875755364250030,V8W 5J3,"Kelsey, Rosalyn, Lesley, Samantha"
Jennifer,Lang,Elementum Dui Consulting,MT94XCPA04987678255404608006355,U9U 8J3,"Callum, Regina, Yuri, Kareem"
Zelda,Bridges,A Associates,MU3078320533470958646630771434,W2B 7V3,"Blair, Justina, Blossom, Astra"
Alan,Brooks,Vel Arcu Curabitur Foundation,NL07SYRO6758004964,S7X 0Z7,"Ainsley, Orli, Dustin, Amity"
Chastity,Hayes,Auctor Non Feugiat Corporation,NL83ZWAJ4204089617,A5T 3G1,"Paula, Imelda, Rooney, Bruno"
Emma,Hogan,Nunc Sit Amet Foundation,NO6641790931190,U8E 4I3,"Moses, Wanda, Naomi, Jamalia"
Gabriel,Coffey,Dolor Fusce Mi LLP,NO7540183993914,A8L 1X2,"Stacey, Eliana, Jakeem, Dolan"
Tyrone,Gamble,Mauris Limited,PL69814558518314437789009120,Q9J 0S3,"Cullen, Karen, Gavin, Samuel"
Cameron,Hickman,Magnis PC,PS510157446541211530338981933,W8E 1D4,"Freya, Paula, Wanda, Adam"
Bianca,Christensen,Ac Inc.,RO46YBKD4600613645353561,J9Y 5C1,"Price, Adrienne, Boris, Noah"
Ursa,Rosales,Duis LLP,RO60UNOE2543431673005273,A1B 0U1,"Cathleen, Diana, Tyler, Tatiana"
Nigel,Orr,Turpis Inc.,RO94ACQO2954333633178760,L1Q 4S4,"Adrienne, Buffy, Aubrey, Paki"
Imelda,Hubbard,Diam Ltd,RS17822084486263595013,L2R 3R4,"Norman, Gwendolyn, Ifeoma, Jin"
Jaquelyn,Stanley,Ornare Lectus Corporation,RS38319189195205216274,V5W 0N0,"Connor, Stacey, Giacomo, Amena"
Charity,Schmidt,Non Limited,RS58028660720825566047,U8K 0P4,"Henry, Nina, Rhonda, Jorden"
Simone,Mcfarland,Sodales LLP,RS69623057457348482793,R2B 1R8,"Leroy, Kareem, Halla, Patricia"
Gisela,Reynolds,Nunc Company,RS72494425641402952862,W7U 4I6,"Hannah, Callum, Neville, Kylan"
Brady,Doyle,Enim Sit Amet Incorporated,RS92539961477068835548,G4Z 1O8,"Mannix, Travis, Odysseus, Aspen"
Harding,Obrien,Eu LLC,SA4765654430725742582173,D8C 7X3,"Caesar, Dorian, Justina, Addison"
Magee,Phelps,Proin Velit Sed Industries,SE6758407744272853420484,J2O 6S9,"Kaye, Mona, Oleg, Roary"
Wanda,Brooks,Sem Semper Corporation,SE7039263641777885831168,U1E 9B9,"Louis, Talon, Dai, Silas"
Sydnee,Pennington,Diam Associates,SE7561126450413060609341,B8C 5U1,"Levi, Gail, Graham, Rigel"
Myles,Aguirre,Risus Inc.,SE8197766378759976233157,T6B 7O8,"Joelle, Marshall, Fitzgerald, Odette"
Macey,Morris,Accumsan Industries,SE9653082341136534033277,U0I 6M4,"Harper, Keegan, Walter, Bruno"
Judith,Avery,Varius Associates,SI06308297087413628,R3C 1R5,"Julian, Emma, Madeline, Anika"
Fallon,Moreno,Donec Tincidunt Donec Foundation,SI51089209048962477,T5M 5Z6,"Haley, Calvin, Cade, Melinda"
Ann,Flores,Tempor Arcu Vestibulum Corporation,SI81263220506240060,K6X 9M8,"Aretha, Lucian, Todd, Ayanna"
Zephania,Guy,Non Lacinia At Consulting,SI97898751212448166,T1G 0Y9,"Cooper, Dacey, Griffin, Ingrid"
Celeste,Quinn,Montes LLP,SK5133351184615017596314,A9P 9B0,"Porter, Amaya, Neil, Grace"
Quincy,Wiley,Diam At Consulting,SK8301832755700851961326,Q4Z 7Q8,"Nelle, Jin, Rhoda, Bo"
Rhona,Webb,Aenean Eget Metus PC,SK9731581373208117260500,I6Y 2N0,"Zahir, Juliet, Rashad, Katelyn"
Echo,Sanders,Nec Quam Incorporated,TR412524837787332605523755,B6E 2K1,"Claudia, Ava, Ivana, Lareina"
Fay,Calhoun,Nisi Cum Sociis Corporation,TR671791841823484734159435,Y9P 4B3,"Colt, Stewart, Oprah, Neve"
Zelenia,Brennan,Gravida Foundation,TR729188509373842450961594,H1E 8O0,"Kibo, Quon, Aline, Hunter"
Winifred,Jacobs,Tortor Ltd,VG3528685764044969353912,Q5M 9P7,"Irene, Akeem, Wallace, Shelby"